preferred_username,externalId,given_name,family_name,email,groups,password
nhhuu.cwtodljz@example.com,externalId-046431,Nhhuu,Cwtodljz,nhhuu.cwtodljz@example.com,ExampleGroup,{SHA-1}Y2FkYTdhOWI5MzVlYTk3Mzk3YjdlMjk5NmU5OGEzMzk5NmU4NGVkMg==
lfvob.cvcnguhv@example.com,externalId-164209,Lfvob,Cvcnguhv,lfvob.cvcnguhv@example.com,ExampleGroup,{SHA-1}NmVkYzhhN2M3NzRmODAyZGIxMWZhMThlZjU2MjMzNGVkMjkyM2VjOA==
cpfva.ppyrlwhy@example.com,externalId-585232,Cpfva,Ppyrlwhy,cpfva.ppyrlwhy@example.com,ExampleGroup,{SHA-1}ZjgyN2YzY2NkNDAyODM1MTRmMzE2OTRhZWUxZTdhMTUzNzM3M2MwNA==
zjfjg.epzurmwm@example.com,externalId-477458,Zjfjg,Epzurmwm,zjfjg.epzurmwm@example.com,ExampleGroup,{SHA-1}NjFjNGY5YTNjMzFhNDE5NDk1YWE5NjNiMzZhMzMyMTY5MzU3YjQ5Zg==
bzeez.ztmskyco@example.com,externalId-079788,Bzeez,Ztmskyco,bzeez.ztmskyco@example.com,ExampleGroup,{SHA-1}MmRmYzZjZWVhNjUyZjFiNjg5MWMzMzlkZGQ4ZmY4YmVjMjVmYTZhNA==
xremf.gvzjouxx@example.com,externalId-901770,Xremf,Gvzjouxx,xremf.gvzjouxx@example.com,ExampleGroup,{SHA-1}MmEzMTVjNTBlODk4NWMwNTA0MjcyOGMwN2VlMjE1NDI0NDU0YjEwMw==
syusp.dozwnteq@example.com,externalId-185332,Syusp,Dozwnteq,syusp.dozwnteq@example.com,ExampleGroup,{SHA-1}YjJmMGYzZWUyMzU0OGU0MWU3M2FiNTQwZWQxMzA4NTgyZWQ5MTE1OA==
xprgv.ndkanaig@example.com,externalId-133747,Xprgv,Ndkanaig,xprgv.ndkanaig@example.com,ExampleGroup,{SHA-1}ZTUzYzUwYzVmYzkwYzNlMWQ0OGRkNTBiZWUzOWQ2NmZhZmM1NzAzNQ==
euman.jbilvjvy@example.com,externalId-546569,Euman,Jbilvjvy,euman.jbilvjvy@example.com,ExampleGroup,{SHA-1}ODNkY2NkMTIyMmFmMjQ0MTkwOTYzMDAzOTcyNzU0MmM4MzIzNGY5Yw==
mudnq.muvthxpi@example.com,externalId-290417,Mudnq,Muvthxpi,mudnq.muvthxpi@example.com,ExampleGroup,{SHA-1}ZTQwNzM3ZjJhYTZjNGI3OWYxNGIzZGNiNzMwMWM2ZmU2YTRiYzBmMg==
dotis.hqzhbemw@example.com,externalId-878459,Dotis,Hqzhbemw,dotis.hqzhbemw@example.com,ExampleGroup,{SHA-1}YjMyZDVkODhlNGM3NjY4ZDJhN2M0NzFiNGQzZDViYmM3M2M1ZmJlOQ==
wnevr.ifdhqtfj@example.com,externalId-662963,Wnevr,Ifdhqtfj,wnevr.ifdhqtfj@example.com,ExampleGroup,{SHA-1}NmNkNTUyNGUzMDE5Yzg2NzY5MWMxZTMxODE3MGFlM2Q0MzNlZDBlZA==
wesbc.ehpfpvfs@example.com,externalId-071829,Wesbc,Ehpfpvfs,wesbc.ehpfpvfs@example.com,ExampleGroup,{SHA-1}NGZmMDI4YTJiM2EwOGUzYzRmNjZlMjUwMjYxMGU5YTYzMmJjNjE5Ng==
tuzyf.sqogsdwn@example.com,externalId-545284,Tuzyf,Sqogsdwn,tuzyf.sqogsdwn@example.com,ExampleGroup,{SHA-1}NTM4MmUxN2IxNmQ1YzI0ZmE2MTY0NDBiMjY4NWViNWJhZTRjMzIxMw==
kigda.lhmxvtog@example.com,externalId-402550,Kigda,Lhmxvtog,kigda.lhmxvtog@example.com,ExampleGroup,{SHA-1}MjA5ZTNjNjY2MTdlNDYwZjRhOWE0Yjc3ODI2MzQ3ZDZkMzBmZTUyNg==
izovd.cawhciwh@example.com,externalId-046147,Izovd,Cawhciwh,izovd.cawhciwh@example.com,ExampleGroup,{SHA-1}MjBkOGMyYmY2YzI4ZWQyYWM2MDQ3MzdlMDlhZjJlMWNjMTA0ODY2OA==
ltqot.ymxuogrk@example.com,externalId-023465,Ltqot,Ymxuogrk,ltqot.ymxuogrk@example.com,ExampleGroup,{SHA-1}MjA0YzE0OTY0YmM0NzBlNDMwZDhhNDhjNTI1NzcxZTdhZTczNGQ4NQ==
sulmf.anhsbyca@example.com,externalId-699305,Sulmf,Anhsbyca,sulmf.anhsbyca@example.com,ExampleGroup,{SHA-1}NGY2ZDM2YWRhYmIxNTZmZmUxYjY2YmYwMmE4YWUyNjRhMWQ4NTljYw==
feute.hiqvyylp@example.com,externalId-583992,Feute,Hiqvyylp,feute.hiqvyylp@example.com,ExampleGroup,{SHA-1}ZTY0NjNjZTMwZjQ3NzY5NWEyZDQxNmQzYjgzMDYwMjBhMmI0NTA4ZQ==
alrzq.rqenpina@example.com,externalId-276393,Alrzq,Rqenpina,alrzq.rqenpina@example.com,ExampleGroup,{SHA-1}NjIwOGE5NjAxZTNhZmI4ZmMyNWI5N2QwMjc2NzgxNjFhOGY0Y2UyOQ==
jraha.rxalyrfa@example.com,externalId-792872,Jraha,Rxalyrfa,jraha.rxalyrfa@example.com,ExampleGroup,{SHA-1}MzNkNmViNzJmNDllMmQ1MmRkOTgxNmM4OGE3NWU4NTVjMmEwYzJkMg==
patmt.sorlxihg@example.com,externalId-841321,Patmt,Sorlxihg,patmt.sorlxihg@example.com,ExampleGroup,{SHA-1}MDViMTVkMGUzYWZlZGEyZTc4MGUwODQ3NTMxNTJjODE1ODkwZWIyYQ==
yukgb.pkksxwyv@example.com,externalId-413841,Yukgb,Pkksxwyv,yukgb.pkksxwyv@example.com,ExampleGroup,{SHA-1}MWM2MDFkNGMyYWI1ODAyZTBlYjU4YmZmYWU0YTQwY2U1ZDM4ZmVjNA==
yoilh.rycyaehx@example.com,externalId-294909,Yoilh,Rycyaehx,yoilh.rycyaehx@example.com,ExampleGroup,{SHA-1}ZDRhNTg0N2M3ZTlhNGUzMjkwYTU4ZjBkOTU0NWRjZjdiNDRhZGZmYg==
sbxuc.yfotvsjv@example.com,externalId-586952,Sbxuc,Yfotvsjv,sbxuc.yfotvsjv@example.com,ExampleGroup,{SHA-1}NjlhMTc1YjU2N2QyYjI0NDcyNzE3NWMwYjZjODM2MGQ1NjE1ZDkxZQ==
vzetn.bjorgrjr@example.com,externalId-873613,Vzetn,Bjorgrjr,vzetn.bjorgrjr@example.com,ExampleGroup,{SHA-1}OTQ4NDFlODA4Zjk1ODdiMGZiYmIzMDM1ZmQxZmRjMzU1YjM0YzM4MQ==
gqdot.xgcfthdi@example.com,externalId-567455,Gqdot,Xgcfthdi,gqdot.xgcfthdi@example.com,ExampleGroup,{SHA-1}NmRhNzE2OGEyMGM1YjRkODVkZDYxYzNjYjkxMTY0OTM3YmQxODZiZA==
glyyo.wbljkfkj@example.com,externalId-906597,Glyyo,Wbljkfkj,glyyo.wbljkfkj@example.com,ExampleGroup,{SHA-1}MDE2YTg0YWIxYmY0MmFlNDMxMTEwOGE5N2VmZmRiYmU5MjhlY2E1Yw==
pgmhy.idayrpzm@example.com,externalId-754754,Pgmhy,Idayrpzm,pgmhy.idayrpzm@example.com,ExampleGroup,{SHA-1}ZDQ2Yjc4NGM2Zjk2MzNiZDUzY2JkMDdkMjYwM2YyYWMwZmZlMzNhNA==
akzzi.ggsptzbj@example.com,externalId-491590,Akzzi,Ggsptzbj,akzzi.ggsptzbj@example.com,ExampleGroup,{SHA-1}NTAwMzVlYmJkNGZlY2MxY2EzMzk3MzRlM2FiYjk2ZmQzMDU0YjY2ZQ==
